<?xml version="1.0" encoding="UTF-8"?>
<metadata xml:lang="sv"><Esri><CreaDate>20150708</CreaDate><CreaTime>21345300</CreaTime><ArcGISFormat>1.0</ArcGISFormat><SyncOnce>TRUE</SyncOnce><DataProperties><lineage><Process ToolSource="c:\program files (x86)\arcgis\desktop10.1\ArcToolbox\Toolboxes\Data Management Tools.tbx\CalculateField" Date="20140506" Time="163952">CalculateField "Glacial dalgång" Area [Landform] VB #</Process><Process ToolSource="c:\program files (x86)\arcgis\desktop10.1\ArcToolbox\Toolboxes\Data Management Tools.tbx\Project" Date="20140727" Time="120537">Project "shp\Glacial dalgång" C:\Jakob\artiklar\Miranda-JoM-Meidica\GIS\shp\glacial_valley.shp PROJCS['Nyainqen2',GEOGCS['GCS_WGS_1984',DATUM['D_WGS_1984',SPHEROID['WGS_1984',6378137.0,298.257223563]],PRIMEM['Greenwich',0.0],UNIT['Degree',0.0174532925199433]],PROJECTION['Albers'],PARAMETER['False_Easting',0.0],PARAMETER['False_Northing',0.0],PARAMETER['central_meridian',93.0],PARAMETER['Standard_Parallel_1',30.8],PARAMETER['Standard_Parallel_2',31.3],PARAMETER['latitude_of_origin',31.05],UNIT['Meter',1.0]] # PROJCS['WGS_1984_UTM_Zone_46N',GEOGCS['GCS_WGS_1984',DATUM['D_WGS_1984',SPHEROID['WGS_1984',6378137.0,298.257223563]],PRIMEM['Greenwich',0.0],UNIT['Degree',0.0174532925199433]],PROJECTION['Transverse_Mercator'],PARAMETER['False_Easting',500000.0],PARAMETER['False_Northing',0.0],PARAMETER['Central_Meridian',93.0],PARAMETER['Scale_Factor',0.9996],PARAMETER['Latitude_Of_Origin',0.0],UNIT['Meter',1.0]]</Process></lineage><itemProps><itemLocation><linkage Sync="TRUE">file://\\JH\C$\Jakob\artiklar\Miranda-JoM-Maidika\GIS\shp\landforms-review2\glacial_valley</linkage><protocol Sync="TRUE">Local Area Network</protocol></itemLocation></itemProps><copyHistory><copy source="C:\Jakob\artiklar\Miranda-JoM-Maidika\GIS\shp\glacial_valley" dest="\\JH\C$\Jakob\artiklar\Miranda-JoM-Maidika\GIS\shp\landforms-review2\glacial_valley" date="20150708" time="21345300"></copy></copyHistory></DataProperties></Esri></metadata>
