<?xml version="1.0" encoding="UTF-8"?>
<metadata xml:lang="sv"><Esri><CreaDate>20150708</CreaDate><CreaTime>21345300</CreaTime><ArcGISFormat>1.0</ArcGISFormat><SyncOnce>TRUE</SyncOnce><DataProperties><lineage><Process ToolSource="c:\program files (x86)\arcgis\desktop10.1\ArcToolbox\Toolboxes\Data Management Tools.tbx\Project" Date="20140727" Time="120315">Project "shp\Hummocky Moraine" C:\Jakob\artiklar\Miranda-JoM-Meidica\GIS\shp\hummocky_moraine.shp PROJCS['Nyainqen2',GEOGCS['GCS_WGS_1984',DATUM['D_WGS_1984',SPHEROID['WGS_1984',6378137.0,298.257223563]],PRIMEM['Greenwich',0.0],UNIT['Degree',0.0174532925199433]],PROJECTION['Albers'],PARAMETER['False_Easting',0.0],PARAMETER['False_Northing',0.0],PARAMETER['central_meridian',93.0],PARAMETER['Standard_Parallel_1',30.8],PARAMETER['Standard_Parallel_2',31.3],PARAMETER['latitude_of_origin',31.05],UNIT['Meter',1.0]] # PROJCS['Nyainqen',GEOGCS['GCS_WGS_1984',DATUM['D_WGS_1984',SPHEROID['WGS_1984',6378137.0,298.257223563]],PRIMEM['Greenwich',0.0],UNIT['Degree',0.0174532925199433]],PROJECTION['Albers'],PARAMETER['False_Easting',0.0],PARAMETER['False_Northing',0.0],PARAMETER['central_meridian',93.0],PARAMETER['Standard_Parallel_1',30.7],PARAMETER['Standard_Parallel_2',31.5],PARAMETER['latitude_of_origin',31.1],UNIT['Meter',1.0]]</Process></lineage><itemProps><itemLocation><linkage Sync="TRUE">file://\\JH\C$\Jakob\artiklar\Miranda-JoM-Maidika\GIS\shp\landforms-review2\hummocky_moraine</linkage><protocol Sync="TRUE">Local Area Network</protocol></itemLocation></itemProps><copyHistory><copy source="C:\Jakob\artiklar\Miranda-JoM-Maidika\GIS\shp\hummocky_moraine" dest="\\JH\C$\Jakob\artiklar\Miranda-JoM-Maidika\GIS\shp\landforms-review2\hummocky_moraine" date="20150708" time="21345300"></copy></copyHistory></DataProperties></Esri></metadata>
