<?xml version="1.0" encoding="UTF-8"?>
<metadata xml:lang="sv"><Esri><CreaDate>20150708</CreaDate><CreaTime>21345300</CreaTime><ArcGISFormat>1.0</ArcGISFormat><SyncOnce>TRUE</SyncOnce><DataProperties><itemProps><itemLocation><linkage Sync="TRUE">file://\\JH\C$\Jakob\artiklar\Miranda-JoM-Maidika\GIS\shp\landforms-review2\Maidika_map</linkage><protocol Sync="TRUE">Local Area Network</protocol></itemLocation></itemProps><copyHistory><copy source="C:\Jakob\artiklar\Miranda-JoM-Maidika\GIS\shp\Maidika_map" dest="\\JH\C$\Jakob\artiklar\Miranda-JoM-Maidika\GIS\shp\landforms-review2\Maidika_map" date="20150708" time="21345300"></copy></copyHistory></DataProperties></Esri></metadata>
