<?xml version="1.0"?>
<!--<!DOCTYPE metadata SYSTEM "http://www.esri.com/metadata/esriprof80.dtd">-->
<metadata xml:lang="sv"><Esri><CreaDate>20101007</CreaDate><CreaTime>21390500</CreaTime><SyncOnce>TRUE</SyncOnce><MetaID>{534F8C41-4B9C-4374-9E9A-7EBDA357C75F}</MetaID></Esri><idinfo><citation><citeinfo><onlink Sync="TRUE">\\JAKOB\C$\Jakob\Tibet\artiklar\Tanggula-map\gis\C-Tibet-glac-morph\srtm_outline2</onlink></citeinfo></citation></idinfo><distInfo><distributor><distorTran><onLineSrc><linkage Sync="TRUE">file://\\JAKOB\C$\Jakob\Tibet\artiklar\Tanggula-map\gis\C-Tibet-glac-morph\srtm_outline2</linkage><protocol Sync="TRUE">Local Area Network</protocol></onLineSrc></distorTran></distributor></distInfo><dataqual><lineage><procstep><procdesc Sync="TRUE">Dataset copied.</procdesc><srcused Sync="TRUE">C:\Jakob\Tibet\artiklar\Tanggula-map\gis\srtm_outline</srcused><procdate Sync="TRUE">20101007</procdate><proctime Sync="TRUE">21390500</proctime></procstep><procstep><procdesc Sync="TRUE">Dataset moved.</procdesc><srcused Sync="TRUE">C:\Jakob\Tibet\artiklar\Tanggula-map\gis\srtm_outline2</srcused><procdate Sync="TRUE">20101010</procdate><proctime Sync="TRUE">14004100</proctime></procstep></lineage></dataqual></metadata>
