<?xml version="1.0"?>
<!--<!DOCTYPE metadata SYSTEM "http://www.esri.com/metadata/esriprof80.dtd">-->
<metadata xml:lang="sv"><Esri><CreaDate>20101010</CreaDate><CreaTime>20233900</CreaTime><SyncOnce>TRUE</SyncOnce><MetaID>{618199BB-D5E2-4631-8041-F69A562A0579}</MetaID></Esri><idinfo><citation><citeinfo><onlink Sync="TRUE">\\JAKOB\C$\Jakob\Tibet\artiklar\Tanggula-map\gis\C-Tibet-glac-morph\lineations</onlink></citeinfo></citation></idinfo><distInfo><distributor><distorTran><onLineSrc><linkage Sync="TRUE">file://\\JAKOB\C$\Jakob\Tibet\artiklar\Tanggula-map\gis\C-Tibet-glac-morph\lineations</linkage><protocol Sync="TRUE">Local Area Network</protocol></onLineSrc></distorTran></distributor></distInfo><dataqual><lineage><procstep><procdesc Sync="TRUE">Dataset copied.</procdesc><srcused Sync="TRUE">C:\Jakob\Tibet\artiklar\Tanggula-map\gis\lineations</srcused><procdate Sync="TRUE">20101010</procdate><proctime Sync="TRUE">20233900</proctime></procstep></lineage></dataqual></metadata>
