<?xml version="1.0" encoding="UTF-8"?>
<metadata xml:lang="en"><Esri><CreaDate>20170417</CreaDate><CreaTime>13113300</CreaTime><ArcGISFormat>1.0</ArcGISFormat><SyncOnce>TRUE</SyncOnce><DataProperties><itemProps><itemLocation><linkage Sync="TRUE">file://\\1397-LAP-047\G$\GIS DATA\Ikh-Turgen_Data\Output\Watershed delineation\Watershed_transects\Long_line</linkage><protocol Sync="TRUE">Local Area Network</protocol></itemLocation></itemProps><copyHistory><copy source="G:\GIS DATA\Ikh-Turgen_Data\Output\Watershed delineation\Long_line" dest="\\1397-LAP-047\G$\GIS DATA\Ikh-Turgen_Data\Output\Watershed delineation\Watershed_transects\Long_line" date="20160227" time="04302400"></copy></copyHistory></DataProperties></Esri></metadata>
