<?xml version="1.0"?>
<!--<!DOCTYPE metadata SYSTEM "http://www.esri.com/metadata/esriprof80.dtd">-->
<metadata xml:lang="en"><Esri><CreaDate>20150820</CreaDate><CreaTime>10405400</CreaTime><SyncOnce>TRUE</SyncOnce><ArcGISFormat>1.0</ArcGISFormat></Esri><idinfo><citation><citeinfo><onlink Sync="TRUE">\\TIMLAPTOP\C$\GIS\Deglaciation\Deglacial-lineCopy</onlink></citeinfo></citation></idinfo><distInfo><distributor><distorTran><onLineSrc><linkage Sync="TRUE">file://\\TIMLAPTOP\C$\GIS\Deglaciation\Deglacial-lineCopy</linkage><protocol Sync="TRUE">Local Area Network</protocol></onLineSrc></distorTran></distributor></distInfo><dataqual><lineage><procstep><procdesc Sync="TRUE">Dataset copied.</procdesc><srcused Sync="TRUE">C:\GIS\Deglaciation\Deglacial-line</srcused><date Sync="TRUE">20070403</date><time Sync="TRUE">09104000</time></procstep></lineage></dataqual></metadata>
