<?xml version="1.0" encoding="UTF-8"?>
<metadata xml:lang="zh"><Esri><CreaDate>20111106</CreaDate><CreaTime>10285200</CreaTime><ArcGISFormat>1.0</ArcGISFormat><SyncOnce>TRUE</SyncOnce><DataProperties><itemProps><itemLocation><linkage Sync="TRUE">file://\\PFU-THINK\C$\fuping\my project\mapping\shp-shaluli-PF\remapping\ge-ar\pro_lambert\shapes\gla_valley</linkage><protocol Sync="TRUE">Local Area Network</protocol></itemLocation></itemProps><copyHistory><copy source="C:\fuping\my project\mapping\shp-shaluli-PF\remapping\ge-ar\pro_lambert\gla_valley" dest="\\PFU-THINK\C$\fuping\my project\mapping\shp-shaluli-PF\remapping\ge-ar\pro_lambert\shapes\gla_valley" date="20111106" time="10285200"></copy></copyHistory><lineage><Process ToolSource="C:\Program Files (x86)\ArcGIS\Desktop10.0\ArcToolbox\Toolboxes\Data Management Tools.tbx\CalculateField" Date="20110910" Time="120528">CalculateField gla-valley Object_ID [Object_ID] VB #</Process><Process ToolSource="C:\Program Files (x86)\ArcGIS\Desktop10.0\ArcToolbox\Toolboxes\Data Management Tools.tbx\Project" Date="20110910" Time="120731">Project gla-valley "C:\fuping\my project\mapping\shp-shaluli-PF\remapping\ge-ar\pro_lambert\gla_valley.shp" PROJCS['Asia_North_Lambert_Conformal_Conic',GEOGCS['GCS_WGS_1984',DATUM['D_WGS_1984',SPHEROID['WGS_1984',6378137.0,298.257223563]],PRIMEM['Greenwich',0.0],UNIT['Degree',0.0174532925199433]],PROJECTION['Lambert_Conformal_Conic'],PARAMETER['False_Easting',0.0],PARAMETER['False_Northing',0.0],PARAMETER['Central_Meridian',100.0],PARAMETER['Standard_Parallel_1',28.75],PARAMETER['Standard_Parallel_2',31.65],PARAMETER['Latitude_Of_Origin',30.2],UNIT['Meter',1.0]] # GEOGCS['GCS_WGS_1984',DATUM['D_WGS_1984',SPHEROID['WGS_1984',6378137.0,298.257223563]],PRIMEM['Greenwich',0.0],UNIT['Degree',0.0174532925199433]]</Process><Process ToolSource="C:\Program Files (x86)\ArcGIS\Desktop10.0\ArcToolbox\Toolboxes\Data Management Tools.tbx\CalculateField" Date="20110910" Time="120926">CalculateField gla_valley Object_ID [FID] VB #</Process></lineage></DataProperties></Esri></metadata>
