<?xml version="1.0" encoding="UTF-8"?>
<metadata xml:lang="en"><Esri><CreaDate>20111106</CreaDate><CreaTime>10285200</CreaTime><ArcGISFormat>1.0</ArcGISFormat><SyncOnce>TRUE</SyncOnce><DataProperties><lineage><Process ToolSource="C:\Program Files (x86)\ArcGIS\Desktop10.0\ArcToolbox\Toolboxes\Data Management Tools.tbx\Project" Date="20110726" Time="145558">Project "C:\fuping\my project\mapping\shp-shaluli-PF\ge-ar\hummocky_mor_terr.shp" "C:\fuping\my project\mapping\shp-shaluli-PF\ge-ar\hummocky_mor_terr_Project.shp" PROJCS['WGS_1984_UTM_Zone_47N',GEOGCS['GCS_WGS_1984',DATUM['D_WGS_1984',SPHEROID['WGS_1984',6378137.0,298.257223563]],PRIMEM['Greenwich',0.0],UNIT['Degree',0.0174532925199433]],PROJECTION['Transverse_Mercator'],PARAMETER['False_Easting',500000.0],PARAMETER['False_Northing',0.0],PARAMETER['Central_Meridian',99.0],PARAMETER['Scale_Factor',0.9996],PARAMETER['Latitude_Of_Origin',0.0],UNIT['Meter',1.0]] # GEOGCS['GCS_WGS_1984',DATUM['D_WGS_1984',SPHEROID['WGS_1984',6378137.0,298.257223563]],PRIMEM['Greenwich',0.0],UNIT['Degree',0.0174532925199433]]</Process><Process ToolSource="C:\Program Files\ArcGIS\Desktop10.0\ArcToolbox\Toolboxes\Data Management Tools.tbx\Project" Date="20110801" Time="125747">Project "C:\fuping\my project\mapping\shp-shaluli-PF\remapping\ge-ar\hummocky_terrain.shp" "C:\fuping\my project\mapping\shp-shaluli-PF\remapping\ge-ar\hummocky_terrain_1.shp" PROJCS['Asia_North_Lambert_Conformal_Conic',GEOGCS['GCS_WGS_1984',DATUM['D_WGS_1984',SPHEROID['WGS_1984',6378137.0,298.257223563]],PRIMEM['Greenwich',0.0],UNIT['Degree',0.0174532925199433]],PROJECTION['Lambert_Conformal_Conic'],PARAMETER['False_Easting',0.0],PARAMETER['False_Northing',0.0],PARAMETER['Central_Meridian',100.0],PARAMETER['Standard_Parallel_1',28.75],PARAMETER['Standard_Parallel_2',31.65],PARAMETER['Latitude_Of_Origin',30.2],UNIT['Meter',1.0]] # PROJCS['WGS_1984_UTM_Zone_47N',GEOGCS['GCS_WGS_1984',DATUM['D_WGS_1984',SPHEROID['WGS_1984',6378137.0,298.257223563]],PRIMEM['Greenwich',0.0],UNIT['Degree',0.0174532925199433]],PROJECTION['Transverse_Mercator'],PARAMETER['False_Easting',500000.0],PARAMETER['False_Northing',0.0],PARAMETER['Central_Meridian',99.0],PARAMETER['Scale_Factor',0.9996],PARAMETER['Latitude_Of_Origin',0.0],UNIT['Meter',1.0]]</Process></lineage><itemProps><itemLocation><linkage Sync="TRUE">file://\\PFU-THINK\C$\fuping\my project\mapping\shp-shaluli-PF\remapping\ge-ar\pro_lambert\shapes\hummocky_terrain</linkage><protocol Sync="TRUE">Local Area Network</protocol></itemLocation></itemProps><copyHistory><copy source="C:\fuping\my project\mapping\shp-shaluli-PF\remapping\ge-ar\pro_lambert\hummocky_terrain" dest="\\PFU-THINK\C$\fuping\my project\mapping\shp-shaluli-PF\remapping\ge-ar\pro_lambert\shapes\hummocky_terrain" date="20111106" time="10285200"></copy></copyHistory></DataProperties></Esri></metadata>
