<?xml version="1.0"?>
<!--<!DOCTYPE metadata SYSTEM "http://www.esri.com/metadata/esriprof80.dtd">-->
<metadata xml:lang="sv"><Esri><CreaDate>20080309</CreaDate><CreaTime>23420400</CreaTime><SyncOnce>TRUE</SyncOnce><MetaID>{193C3CA5-1F46-4812-BC4F-61C16FB6CB7C}</MetaID></Esri><idinfo><citation><citeinfo><onlink Sync="TRUE">\\JH-DATOR\C$\Jakob\Tibet\artiklar\map\review\Heyman-et-al_JoM-map\J_glacial_valley</onlink></citeinfo></citation></idinfo><distInfo><distributor><distorTran><onLineSrc><linkage Sync="TRUE">file://\\JH-DATOR\C$\Jakob\Tibet\artiklar\map\review\Heyman-et-al_JoM-map\J_glacial_valley</linkage><protocol Sync="TRUE">Local Area Network</protocol></onLineSrc></distorTran></distributor></distInfo><dataqual><lineage><procstep><procdesc Sync="TRUE">Dataset copied.</procdesc><srcused Sync="TRUE">D:\Jakob\Tibet\GIS\ArcGIS_data\Glacial_valley</srcused><date Sync="TRUE">20070510</date><time Sync="TRUE">18265800</time></procstep><procstep><procdesc Sync="TRUE">Dataset copied.</procdesc><srcused Sync="TRUE">C:\Jakob\Tibet\GIS\ArcGIS_data\J_glacial_valley</srcused><date Sync="TRUE">20080309</date><time Sync="TRUE">23420400</time></procstep></lineage></dataqual></metadata>
