<?xml version="1.0"?>
<!--<!DOCTYPE metadata SYSTEM "http://www.esri.com/metadata/esriprof80.dtd">-->
<metadata xml:lang="sv"><Esri><CreaDate>20080309</CreaDate><CreaTime>23414900</CreaTime><SyncOnce>TRUE</SyncOnce><MetaID>{5D542EC0-DF9F-4665-9E17-45173B0B42C8}</MetaID></Esri><idinfo><citation><citeinfo><onlink Sync="TRUE">\\JH-DATOR\C$\Jakob\Tibet\artiklar\map\review\Heyman-et-al_JoM-map\J_glacial_trough</onlink></citeinfo></citation></idinfo><distInfo><distributor><distorTran><onLineSrc><linkage Sync="TRUE">file://\\JH-DATOR\C$\Jakob\Tibet\artiklar\map\review\Heyman-et-al_JoM-map\J_glacial_trough</linkage><protocol Sync="TRUE">Local Area Network</protocol></onLineSrc></distorTran></distributor></distInfo><dataqual><lineage><procstep><procdesc Sync="TRUE">Dataset copied.</procdesc><srcused Sync="TRUE">D:\Jakob\Tibet\GIS\ArcGIS_data\Glacial_valleys_large</srcused><date Sync="TRUE">20070510</date><time Sync="TRUE">18270900</time></procstep><procstep><procdesc Sync="TRUE">Dataset copied.</procdesc><srcused Sync="TRUE">C:\Jakob\Tibet\GIS\ArcGIS_data\J_glacial_trough</srcused><date Sync="TRUE">20080309</date><time Sync="TRUE">23414900</time></procstep></lineage></dataqual></metadata>
