<?xml version="1.0"?>
<!--<!DOCTYPE metadata SYSTEM "http://www.esri.com/metadata/esriprof80.dtd">-->
<metadata xml:lang="sv"><Esri><CreaDate>20080309</CreaDate><CreaTime>23411200</CreaTime><SyncOnce>TRUE</SyncOnce><MetaID>{5672612A-41DD-499D-96A3-1E88864D2FB2}</MetaID></Esri><idinfo><citation><citeinfo><onlink Sync="TRUE">\\JH-DATOR\C$\Jakob\Tibet\artiklar\map\review\Heyman-et-al_JoM-map\Heyman-et-al_map</onlink></citeinfo></citation></idinfo><distInfo><distributor><distorTran><onLineSrc><linkage Sync="TRUE">file://\\JH-DATOR\C$\Jakob\Tibet\artiklar\map\review\Heyman-et-al_JoM-map\Heyman-et-al_map</linkage><protocol Sync="TRUE">Local Area Network</protocol></onLineSrc></distorTran></distributor></distInfo><dataqual><lineage><procstep><procdesc Sync="TRUE">Dataset copied.</procdesc><srcused Sync="TRUE">C:\Jakob\Tibet\GIS\ArcGIS_data\Heyman-et-al_map</srcused><date Sync="TRUE">20080309</date><time Sync="TRUE">23411200</time></procstep></lineage></dataqual></metadata>
