<?xml version="1.0"?>
<!--<!DOCTYPE metadata SYSTEM "http://www.esri.com/metadata/esriprof80.dtd">-->
<metadata xml:lang="sv"><Esri><CreaDate>20080309</CreaDate><CreaTime>23431200</CreaTime><SyncOnce>TRUE</SyncOnce><MetaID>{13BB60C9-BE7E-4FD4-8727-B22CCE9CA10F}</MetaID></Esri><idinfo><citation><citeinfo><onlink Sync="TRUE">\\JH-DATOR\C$\Jakob\Tibet\artiklar\map\review\Heyman-et-al_JoM-map\Marginal_moraine_large</onlink></citeinfo></citation></idinfo><distInfo><distributor><distorTran><onLineSrc><linkage Sync="TRUE">file://\\JH-DATOR\C$\Jakob\Tibet\artiklar\map\review\Heyman-et-al_JoM-map\Marginal_moraine_large</linkage><protocol Sync="TRUE">Local Area Network</protocol></onLineSrc></distorTran></distributor></distInfo><dataqual><lineage><procstep><procdesc Sync="TRUE">Dataset copied.</procdesc><srcused Sync="TRUE">C:\Jakob\Tibet\GIS\ArcGIS_data\Marginal_moraine_large</srcused><date Sync="TRUE">20080309</date><time Sync="TRUE">23431200</time></procstep></lineage></dataqual></metadata>
