<?xml version="1.0"?>
<!--<!DOCTYPE metadata SYSTEM "http://www.esri.com/metadata/esriprof80.dtd">-->
<metadata xml:lang="sv"><Esri><CreaDate>20130502</CreaDate><CreaTime>14022800</CreaTime><SyncOnce>TRUE</SyncOnce><DataProperties><lineage><Process ToolSource="C:\Program Files (x86)\ArcGIS\ArcToolbox\Toolboxes\Data Management Tools.tbx\Append" Date="20130417" Time="165235">Append CAsia_new;CentralAsia-proj C:\Jakob\GIS\RGI\RGI_latest\CAsia_edited.shp NO_TEST "Id 'Id' true false false 6 Long 0 6 ,First,#" # C:\Jakob\GIS\RGI\RGI_latest\CAsia_edited.shp</Process><Process ToolSource="C:\Program Files (x86)\ArcGIS\ArcToolbox\Toolboxes\Data Management Tools.tbx\Project" Date="20130502" Time="134659">Project CAsia_edited C:\Jakob\artiklar\TianShan-JoM\gis\contemporary_glaciers.shp PROJCS['Asia_North_Albers_Equal_Area_Conic',GEOGCS['GCS_WGS_1984',DATUM['D_WGS_1984',SPHEROID['WGS_1984',6378137.0,298.257223563]],PRIMEM['Greenwich',0.0],UNIT['Degree',0.0174532925199433]],PROJECTION['Albers'],PARAMETER['False_Easting',0.0],PARAMETER['False_Northing',0.0],PARAMETER['Central_Meridian',80.0],PARAMETER['Standard_Parallel_1',40.5],PARAMETER['Standard_Parallel_2',43.8],PARAMETER['Latitude_Of_Origin',42.15],UNIT['Meter',1.0]] # PROJCS['WGS_1984_Albers',GEOGCS['GCS_WGS_1984',DATUM['D_WGS_1984',SPHEROID['WGS_1984',6378137.0,298.257223563]],PRIMEM['Greenwich',0.0],UNIT['Degree',0.0174532925199433]],PROJECTION['Albers'],PARAMETER['False_Easting',0.0],PARAMETER['False_Northing',0.0],PARAMETER['Central_Meridian',90.0],PARAMETER['Standard_Parallel_1',28.0],PARAMETER['Standard_Parallel_2',38.0],PARAMETER['Latitude_Of_Origin',33.0],UNIT['Meter',1.0]]</Process></lineage></DataProperties><MetaID>{AF94E939-E496-4E5E-BE23-491EEC69464C}</MetaID></Esri><idinfo><citation><citeinfo><onlink Sync="TRUE">\\JH\C$\Jakob\artiklar\TianShan-JoM\gis\TianShan-glacmorph\contemporary_glaciers</onlink></citeinfo></citation></idinfo><distInfo><distributor><distorTran><onLineSrc><linkage Sync="TRUE">file://\\JH\C$\Jakob\artiklar\TianShan-JoM\gis\TianShan-glacmorph\contemporary_glaciers</linkage><protocol Sync="TRUE">Local Area Network</protocol></onLineSrc></distorTran></distributor></distInfo><dataqual><lineage><procstep><procdesc Sync="TRUE">Dataset copied.</procdesc><srcused Sync="TRUE"></srcused><procdate Sync="TRUE">20130502</procdate><proctime Sync="TRUE">13465800</proctime></procstep><procstep><procdesc Sync="TRUE">Dataset copied.</procdesc><srcused Sync="TRUE">C:\Jakob\artiklar\TianShan-JoM\gis\contemporary_glaciers</srcused><procdate Sync="TRUE">20130502</procdate><proctime Sync="TRUE">14022800</proctime></procstep></lineage></dataqual></metadata>
