<?xml version="1.0"?>
<!--<!DOCTYPE metadata SYSTEM "http://www.esri.com/metadata/esriprof80.dtd">-->
<metadata xml:lang="sv"><Esri><CreaDate>20130502</CreaDate><CreaTime>14022800</CreaTime><SyncOnce>TRUE</SyncOnce><DataProperties><lineage><Process ToolSource="C:\Program Files (x86)\ArcGIS\ArcToolbox\Toolboxes\Data Management Tools.tbx\Project" Date="20130419" Time="180602">Project Glacial_lineations_line C:\Jakob\artiklar\TianShan-JoM\gis\glacial_lineations.shp PROJCS['Asia_North_Albers_Equal_Area_Conic',GEOGCS['GCS_WGS_1984',DATUM['D_WGS_1984',SPHEROID['WGS_1984',6378137.0,298.257223563]],PRIMEM['Greenwich',0.0],UNIT['Degree',0.0174532925199433]],PROJECTION['Albers'],PARAMETER['False_Easting',0.0],PARAMETER['False_Northing',0.0],PARAMETER['Central_Meridian',80.0],PARAMETER['Standard_Parallel_1',40.5],PARAMETER['Standard_Parallel_2',43.8],PARAMETER['Latitude_Of_Origin',42.15],UNIT['Meter',1.0]] # GEOGCS['GCS_WGS_1984',DATUM['D_WGS_1984',SPHEROID['WGS_1984',6378137.0,298.257223563]],PRIMEM['Greenwich',0.0],UNIT['Degree',0.0174532925199433]]</Process></lineage></DataProperties><MetaID>{7735594B-3368-4C54-831C-49E44C078700}</MetaID></Esri><idinfo><citation><citeinfo><onlink Sync="TRUE">\\JH\C$\Jakob\artiklar\TianShan-JoM\gis\TianShan-glacmorph\glacial_lineations</onlink></citeinfo></citation></idinfo><distInfo><distributor><distorTran><onLineSrc><linkage Sync="TRUE">file://\\JH\C$\Jakob\artiklar\TianShan-JoM\gis\TianShan-glacmorph\glacial_lineations</linkage><protocol Sync="TRUE">Local Area Network</protocol></onLineSrc></distorTran></distributor></distInfo><dataqual><lineage><procstep><procdesc Sync="TRUE">Dataset copied.</procdesc><srcused Sync="TRUE">C:\Jakob\artiklar\TianShan-JoM\gis\glacial_lineations</srcused><procdate Sync="TRUE">20130502</procdate><proctime Sync="TRUE">14022800</proctime></procstep></lineage></dataqual></metadata>
