<?xml version="1.0"?>
<!--<!DOCTYPE metadata SYSTEM "http://www.esri.com/metadata/esriprof80.dtd">-->
<metadata xml:lang="sv"><Esri><CreaDate>20130502</CreaDate><CreaTime>14022800</CreaTime><SyncOnce>TRUE</SyncOnce><DataProperties><lineage><Process ToolSource="C:\Program Files (x86)\ArcGIS\ArcToolbox\Toolboxes\Data Management Tools.tbx\Append" Date="20130419" Time="223250">Append marginal-moraines-proj;new-moraines marginal_moraines NO_TEST "Id 'Id' true false false 6 Long 0 6 ,First,#,C:\Jakob\artiklar\TianShan-JoM\gis\marginal-moraines-proj.shp,Id,-1,-1" # marginal_moraines</Process></lineage></DataProperties><MetaID>{548FAFEB-71E7-4073-B836-780C3C198B5A}</MetaID></Esri><idinfo><citation><citeinfo><onlink Sync="TRUE">\\JH\C$\Jakob\artiklar\TianShan-JoM\gis\TianShan-glacmorph\marginal_moraines</onlink></citeinfo></citation></idinfo><distInfo><distributor><distorTran><onLineSrc><linkage Sync="TRUE">file://\\JH\C$\Jakob\artiklar\TianShan-JoM\gis\TianShan-glacmorph\marginal_moraines</linkage><protocol Sync="TRUE">Local Area Network</protocol></onLineSrc></distorTran></distributor></distInfo><dataqual><lineage><procstep><procdesc Sync="TRUE">Dataset copied.</procdesc><srcused Sync="TRUE">C:\Jakob\artiklar\TianShan-JoM\gis\marginal_moraines</srcused><procdate Sync="TRUE">20130502</procdate><proctime Sync="TRUE">14022800</proctime></procstep></lineage></dataqual></metadata>
