<?xml version="1.0"?>
<!--<!DOCTYPE metadata SYSTEM "http://www.esri.com/metadata/esriprof80.dtd">-->
<metadata xml:lang="sv"><Esri><CreaDate>20130502</CreaDate><CreaTime>14022800</CreaTime><SyncOnce>TRUE</SyncOnce><MetaID>{B1E8EA23-ECE2-437D-A764-3424EF2C09A9}</MetaID></Esri><idinfo><citation><citeinfo><onlink Sync="TRUE">\\JH\C$\Jakob\artiklar\TianShan-JoM\gis\TianShan-glacmorph\TianShan-map</onlink></citeinfo></citation></idinfo><distInfo><distributor><distorTran><onLineSrc><linkage Sync="TRUE">file://\\JH\C$\Jakob\artiklar\TianShan-JoM\gis\TianShan-glacmorph\TianShan-map</linkage><protocol Sync="TRUE">Local Area Network</protocol></onLineSrc></distorTran></distributor></distInfo><dataqual><lineage><procstep><procdesc Sync="TRUE">Dataset copied.</procdesc><srcused Sync="TRUE">C:\Jakob\artiklar\TianShan-JoM\gis\TianShan-map</srcused><procdate Sync="TRUE">20130502</procdate><proctime Sync="TRUE">14022800</proctime></procstep></lineage></dataqual></metadata>
